{"cameraMode":{"drawMode":0,"name":"Shaded","section":"Shading Mode"},"sceneLighting":false,"audioPlay":false,"sceneViewState":{"m_AlwaysRefresh":false,"showFog":true,"showSkybox":false,"showFlares":true,"showImageEffects":true,"showParticleSystems":true,"showVisualEffectGraphs":true,"m_FxEnabled":true},"in2DMode":false,"pivot":{"x":-15.560267448425293,"y":0.0290069580078125,"z":29.468795776367189},"rotation":{"x":0.12151099741458893,"y":-0.3548402786254883,"z":0.04657134413719177,"w":0.9258267283439636},"size":7.598074436187744,"orthographic":false}