{"cameraMode":{"drawMode":0,"name":"Shaded","section":"Shading Mode"},"sceneLighting":false,"audioPlay":false,"sceneViewState":{"m_AlwaysRefresh":false,"showFog":true,"showSkybox":false,"showFlares":true,"showImageEffects":true,"showParticleSystems":true,"showVisualEffectGraphs":true,"m_FxEnabled":true},"in2DMode":false,"pivot":{"x":0.4924173355102539,"y":1.121174931526184,"z":0.3250293731689453},"rotation":{"x":0.09399256110191345,"y":-0.08769681304693222,"z":0.008312040939927102,"w":0.991668701171875},"size":2.8741791248321535,"orthographic":false}