{"cameraMode":{"drawMode":0,"name":"Shaded","section":"Shading Mode"},"sceneLighting":false,"audioPlay":false,"sceneViewState":{"m_AlwaysRefresh":false,"showFog":true,"showSkybox":true,"showFlares":true,"showImageEffects":true,"showParticleSystems":true,"showVisualEffectGraphs":true,"m_FxEnabled":true},"in2DMode":false,"pivot":{"x":-91.59660339355469,"y":-1.8284645080566407,"z":119.15382385253906},"rotation":{"x":0.15011629462242127,"y":-0.24059736728668214,"z":0.037686824798583987,"w":0.9582148790359497},"size":52.54508590698242,"orthographic":false}