{"cameraMode":{"drawMode":0,"name":"Shaded","section":"Shading Mode"},"sceneLighting":false,"audioPlay":false,"sceneViewState":{"m_AlwaysRefresh":false,"showFog":true,"showSkybox":true,"showFlares":true,"showImageEffects":true,"showParticleSystems":true,"showVisualEffectGraphs":true,"m_FxEnabled":true},"in2DMode":false,"pivot":{"x":0.6800312995910645,"y":0.9030978679656982,"z":0.27861547470092776},"rotation":{"x":0.14880549907684327,"y":-0.3419727087020874,"z":0.05498053506016731,"w":0.9262219667434692},"size":3.4832847118377687,"orthographic":false}