{"cameraMode":{"drawMode":0,"name":"Shaded","section":"Shading Mode"},"sceneLighting":false,"audioPlay":false,"sceneViewState":{"m_AlwaysRefresh":false,"showFog":true,"showSkybox":true,"showFlares":true,"showImageEffects":true,"showParticleSystems":true,"showVisualEffectGraphs":true,"m_FxEnabled":true},"in2DMode":false,"pivot":{"x":1.5149853229522706,"y":1.7939989566802979,"z":2.6337103843688967},"rotation":{"x":0.20799776911735536,"y":-0.37580499053001406,"z":0.08696292340755463,"w":0.8988674879074097},"size":2.3507344722747804,"orthographic":false}