{"cameraMode":{"drawMode":0,"name":"Shaded","section":"Shading Mode"},"sceneLighting":false,"audioPlay":false,"sceneViewState":{"m_AlwaysRefresh":false,"showFog":true,"showSkybox":true,"showFlares":true,"showImageEffects":true,"showParticleSystems":true,"showVisualEffectGraphs":true,"m_FxEnabled":true},"in2DMode":false,"pivot":{"x":0.24657154083251954,"y":1.7023671865463257,"z":0.4072535037994385},"rotation":{"x":0.09210503101348877,"y":-0.5276293754577637,"z":0.057697370648384097,"w":0.8425086736679077},"size":4.590956687927246,"orthographic":false}