{"cameraMode":{"drawMode":0,"name":"Shaded","section":"Shading Mode"},"sceneLighting":false,"audioPlay":false,"sceneViewState":{"m_AlwaysRefresh":false,"showFog":true,"showSkybox":true,"showFlares":true,"showImageEffects":true,"showParticleSystems":true,"showVisualEffectGraphs":true,"m_FxEnabled":true},"in2DMode":false,"pivot":{"x":-3.1261730194091799,"y":0.4770907163619995,"z":32.293880462646487},"rotation":{"x":0.1647648960351944,"y":-0.19536390900611878,"z":0.033307917416095737,"w":0.9662293195724487},"size":2.0326781272888185,"orthographic":false}